{
    "keep": {
        "days": true,
        "amount": 14
    },
    "auditLog": "dailyLogss\\.cf447a0a717103c436fe1cdfaecdcfa007f9e17e-audit.json",
    "files": [
        {
            "date": 1695048909055,
            "name": "dailyLogss\\info.log.2023-09-18",
            "hash": "dc4dbbaedcc67536e9e6bd116414bf671e8b17001e31786d1233dfa3f22b878a"
        },
        {
            "date": 1695116821263,
            "name": "dailyLogss\\info.log.2023-09-19",
            "hash": "b9fbd5ef5016c0249166bfd5fe10dabee95a4eb091b054486c72ddfa432d6fa1"
        },
        {
            "date": 1695200919002,
            "name": "dailyLogss\\info.log.2023-09-20",
            "hash": "35d4d82db5481c462e9ad2dcc8aae348e8681328760b6cb951aa3b498be9d025"
        },
        {
            "date": 1695295452993,
            "name": "dailyLogss\\info.log.2023-09-21",
            "hash": "24e80d47e7abeb176327ae598404a613b11860a81e2238a155ce93e15bcc16ff"
        },
        {
            "date": 1695377145929,
            "name": "dailyLogss\\info.log.2023-09-22",
            "hash": "c5e28dd6084941ed6a59f0b8db0378e2015db4d8a58de83646d4e51987f101e8"
        },
        {
            "date": 1695627526782,
            "name": "dailyLogss\\info.log.2023-09-25",
            "hash": "a95f26f1e800706c2ff707100e8a0c02e198a35158e58a17ab91c71e5478eac5"
        },
        {
            "date": 1695721692189,
            "name": "dailyLogss\\info.log.2023-09-26",
            "hash": "0e407f908473ac0114028e01227ad9ed7b42087f466d024b11496d117ee016be"
        }
    ],
    "hashType": "sha256"
}