{
    "keep": {
        "days": true,
        "amount": 14
    },
    "auditLog": "dailyLogs\\.81c4243e7f877c980fe5f683503fe0bdbbf24473-audit.json",
    "files": [
        {
            "date": 1690967987560,
            "name": "dailyLogs\\info.log.2023-08-02",
            "hash": "9843640061f7fc3c720e781935a96e77fc802bdcf85188c0939c83e93fd95242"
        },
        {
            "date": 1691059521380,
            "name": "dailyLogs\\info.log.2023-08-03",
            "hash": "4022792788eb2b29685eeb6821f6eefdbd92f4e6adcddf9144190f617530e6de"
        },
        {
            "date": 1691139227789,
            "name": "dailyLogs\\info.log.2023-08-04",
            "hash": "eca9d1db17689344fe36cd9551d48c3a7b66d91964065a7e5c554f0800d90459"
        },
        {
            "date": 1691399152805,
            "name": "dailyLogs\\info.log.2023-08-07",
            "hash": "f890a1640a7e08cd00d85aebc1f1d8810ea59be6d2ec60bf544b45331c686abc"
        },
        {
            "date": 1691490009505,
            "name": "dailyLogs\\info.log.2023-08-08",
            "hash": "d094547e42ebdfcf445f21b644622935cafaaeb93fe3adaca43df8dcfaf7e099"
        },
        {
            "date": 1691577575601,
            "name": "dailyLogs\\info.log.2023-08-09",
            "hash": "835cb0fa865cb3f2645885f57068136aa57e727b3cf697d8ade261a8a8d3e322"
        },
        {
            "date": 1692117669491,
            "name": "dailyLogs/info.log.2023-08-15",
            "hash": "6e53251ba4b14a9e161b9b5452f1ce966508f08b8f1c602d59074f1ddd28dac3"
        }
    ],
    "hashType": "sha256"
}